7kms/react-illustration-series,21b36440f013db925267982bb90149d0f913f8c3,dumi-app,,,1589612992,2,0,0,0,0,0,0,0,0,0,0,0,0,0
7kms/react-illustration-series,48906c2a3d874fb06b26ebf0a38fe9ecdc1cfde0,react-illustration-series,1.0.0,,1589871264,2,0,0,0,0,0,0,0,0,0,0,0,0,0
7kms/react-illustration-series,b45f0de1274bcee217ddc402af10852f1ed9eb35,react-illustration-series,1.0.0,,1590408542,2,0,0,0,0,0,0,0,0,0,0,0,0,0
7kms/react-illustration-series,b300f7d0951572863b167a815031072781c8fb12,react-illustration-series,1.0.0,,1590481111,2,0,0,0,0,0,0,0,0,0,0,0,0,0
7kms/react-illustration-series,e7bfe3caaa9b376f73a55237a5c2991b57566913,react-illustration-series,1.0.0,,1590563276,2,0,0,0,0,0,0,0,0,0,0,0,0,0
7kms/react-illustration-series,aa8078b81fb4adda07cf4e9d4930e7e81560c941,react-illustration-series,1.0.0,,1590638838,2,0,0,0,0,0,0,0,0,0,0,0,0,0
7kms/react-illustration-series,3a7cc81727c76a1d67d053b510dc549cf8b39f97,react-illustration-series,1.0.0,,1590648244,2,0,0,0,0,0,0,0,0,0,0,0,0,0
7kms/react-illustration-series,0c6738a44261f61429139cfbbb15ee86fea196cc,react-illustration-series,1.0.0,,1590717714,2,0,0,0,0,0,0,0,0,0,0,0,0,0
7kms/react-illustration-series,e9bdada3c1bf538dc1e457759015e2f27debbd1c,react-illustration-series,1.0.0,,1590717834,2,0,0,0,0,0,0,0,0,0,0,0,0,0
7kms/react-illustration-series,b3bc4e2d3b9dcc0094c110ad259354562abdb538,react-illustration-series,1.0.0,,1590767445,2,0,0,0,0,0,0,0,0,0,0,0,0,0
7kms/react-illustration-series,56cdca3653981b8820cbff23c0d0be22c8c1f92e,react-illustration-series,1.0.0,,1590768483,2,0,0,0,0,0,0,0,0,0,0,0,0,0
7kms/react-illustration-series,5d152d61ec0d44f35e220f4674c87fead5d025c9,react-illustration-series,1.0.0,,1592664599,2,0,0,0,0,0,0,0,0,0,0,0,0,0
7kms/react-illustration-series,8c1c6e11b548160251868d11fcccf088fd7fb02c,react-illustration-series,1.0.0,,1592666004,2,0,0,0,0,0,0,0,0,0,0,0,0,0
7kms/react-illustration-series,823eb373caa4f72908c1fc0351788bd86592a997,react-illustration-series,1.0.0,,1594404306,2,0,0,0,0,0,0,0,0,0,0,0,0,0
7kms/react-illustration-series,278ef2d5f1c16c4c33d7100d687ebd309234446f,react-illustration-series,1.0.0,,1594467258,2,0,0,0,0,0,0,0,0,0,0,0,0,0
7kms/react-illustration-series,ee8722e082397c01234644f3bb5cf1949c4028e8,react-illustration-series,1.0.0,,1594467450,2,0,0,0,0,0,0,0,0,0,0,0,0,0
7kms/react-illustration-series,f689da98aa52ad7fb668bf5cf0bf74f529aba543,react-illustration-series,1.0.0,,1594703242,2,0,0,0,0,0,0,0,0,0,0,0,0,0
7kms/react-illustration-series,c4dee45215866faa3281aafc5de53b20bd4ab0b4,react-illustration-series,1.0.0,,1594823770,2,0,0,0,0,0,0,0,0,0,0,0,0,0
7kms/react-illustration-series,ca46ee4fd29fc89851fcfea782fabe2011ec5d24,react-illustration-series,1.0.0,,1594950761,2,0,0,0,0,0,0,0,0,0,0,0,0,0
7kms/react-illustration-series,e89dc3b05ac185892824e27d85f15d621814eb58,react-illustration-series,1.0.0,,1595088001,2,0,0,0,0,0,0,0,0,0,0,0,0,0
7kms/react-illustration-series,eaf16ccdbc8fed0c32ff831525cb91211b6a9a9f,react-illustration-series,1.0.0,,1595260733,2,0,0,0,0,0,0,0,0,0,0,0,0,0
7kms/react-illustration-series,fb58810fffb34ca4fb4169f8d8a630b41ccc1cff,react-illustration-series,1.0.0,,1595267023,2,0,0,0,0,0,0,0,0,0,0,0,0,0
7kms/react-illustration-series,7348b9d57e003f8980b8922ec3db6e8ebc4f4839,react-illustration-series,1.0.0,,1595267069,2,0,0,0,0,0,0,0,0,0,0,0,0,0
7kms/react-illustration-series,b1a5730039b580e7e29ab4ad440b4b20fe5dbbd6,react-illustration-series,1.0.0,,1595317262,2,0,0,0,0,0,0,0,0,0,0,0,0,0
7kms/react-illustration-series,6de098f346cfc744a2645a130a099d0e5510fa87,react-illustration-series,1.0.0,,1595317635,2,0,0,0,0,0,0,0,0,0,0,0,0,0
7kms/react-illustration-series,21b3011af74b681179b3f7206afc4b0ef7937356,react-illustration-series,1.0.0,,1600614392,2,0,0,0,0,0,0,0,0,0,0,0,0,0
7kms/react-illustration-series,7135e685da216438721c67fa7f54566f2a518f7b,react-illustration-series,1.0.0,,1600787951,2,0,0,0,0,0,0,0,0,0,0,0,0,0
7kms/react-illustration-series,7a1994afc7a311fd579f186ae3042556e06ae5f9,react-illustration-series,1.0.0,,1604422791,2,0,0,0,0,0,0,0,0,0,0,0,0,0
7kms/react-illustration-series,e630b512f71e7eaef4c4096ee2b736fb8bf1e6ed,react-illustration-series,1.0.0,,1606815240,2,0,0,0,0,0,0,0,0,0,0,0,0,0
7kms/react-illustration-series,6f89451b042c6cc992c58482e9df8b012c7ed50c,react-illustration-series,1.0.0,,1606815613,2,0,0,0,0,0,0,0,0,0,0,0,0,0
7kms/react-illustration-series,b68ea69defbcf12e84a8afae73e1b3bec699a464,react-illustration-series,1.0.0,,1606815744,2,0,0,0,0,0,0,0,0,0,0,0,0,0
7kms/react-illustration-series,32e8a37285037ac979df1149c125113efd836cc1,react-illustration-series,1.0.0,,1606971092,2,0,0,0,0,0,0,0,0,0,0,0,0,0
7kms/react-illustration-series,757727f801742365ac2f9d089977fee7fb4d331d,react-illustration-series,1.0.0,,1607191613,2,0,0,0,0,0,0,0,0,0,0,0,0,0
7kms/react-illustration-series,bd52052b54472913da50eb6581d128a3393e0342,react-illustration-series,1.0.0,,1607256225,2,0,0,0,0,0,0,0,0,0,0,0,0,0
7kms/react-illustration-series,76cc05dc0a0e279fa15dfe28b617f0feb72b1b7f,react-illustration-series,1.0.0,,1607349629,2,0,0,0,0,0,0,0,0,0,0,0,0,0
7kms/react-illustration-series,1c05e1bde09bede76fc59c6a84929cbfd417898e,react-illustration-series,1.0.0,,1607500337,2,0,0,0,0,0,0,0,0,0,0,0,0,0
7kms/react-illustration-series,b65136942c0806f588d37dd8c9e9ada36656a1cc,react-illustration-series,1.0.0,,1607935693,2,0,0,0,0,0,0,0,0,0,0,0,0,0
7kms/react-illustration-series,b50c89b820339d4ebceb962400b99787ff303fea,react-illustration-series,1.0.0,,1608030943,2,0,0,0,0,0,0,0,0,0,0,0,0,0
7kms/react-illustration-series,49e5df7d3f56502388550c2df725d0b5ce64d2cf,react-illustration-series,1.0.0,,1608053770,2,0,0,0,0,0,0,0,0,0,0,0,0,0
7kms/react-illustration-series,cf625a754d8688733dab3abf3f9b9030b53b1f33,react-illustration-series,1.0.0,,1608211220,2,0,0,0,0,0,0,0,0,0,0,0,0,0
7kms/react-illustration-series,d90579b668abf38286d7d868abaccfa4c86427ab,react-illustration-series,1.0.0,,1608539085,2,0,0,0,0,0,0,0,0,0,0,0,0,0
7kms/react-illustration-series,73ba95ac6344156f75bf4416ef9ff7fd24f51fbd,react-illustration-series,1.0.0,,1608553420,2,0,0,0,0,0,0,0,0,0,0,0,0,0
7kms/react-illustration-series,67dc2fa58a47565b9febaf1cc751887453d7a938,react-illustration-series,1.0.0,,1608647118,2,0,0,0,0,0,0,0,0,0,0,0,0,0
7kms/react-illustration-series,33cbdbb65e8409302924a210b5c92f26c28be2c8,react-illustration-series,1.0.0,,1608659856,2,0,0,0,0,0,0,0,0,0,0,0,0,0
7kms/react-illustration-series,baade139702250a9d8d63d5ac7484044eb306c6b,react-illustration-series,1.0.0,,1609164506,2,0,0,0,0,0,0,0,0,0,0,0,0,0
7kms/react-illustration-series,b8c08c2c3a10f27225c82931eae1c8a7b4f75a48,react-illustration-series,1.0.0,,1609337282,2,0,0,0,0,0,0,0,0,0,0,0,0,0
7kms/react-illustration-series,3f7bfbf6f144db2cbf9d3843f45b47fbfd503818,react-illustration-series,1.0.0,,1609516771,2,0,0,0,0,0,0,0,0,0,0,0,0,0
7kms/react-illustration-series,b040708f302198d0bf35c95ca95b73407ff7a459,react-illustration-series,1.0.0,,1609525329,2,0,0,0,0,0,0,0,0,0,0,0,0,0
7kms/react-illustration-series,4a4c6042ddc7ecf725316e9fbeffad492b6e42cb,react-illustration-series,1.0.0,,1610454265,2,0,0,0,0,0,0,0,0,0,0,0,0,0
7kms/react-illustration-series,21f471abf052ec1d9df991357c59255a1800277c,react-illustration-series,1.0.0,,1611059612,2,0,0,0,0,0,0,0,0,0,0,0,0,0
7kms/react-illustration-series,a880b86656a4da6c0a95dc464d3375742a8626fd,react-illustration-series,1.0.0,,1611148060,2,0,0,0,0,0,0,0,0,0,0,0,0,0
7kms/react-illustration-series,381e1581c4118df96e48eee8b07836d7e50cb4a3,react-illustration-series,1.0.0,,1612426736,2,0,0,0,0,0,0,0,0,0,0,0,0,0
7kms/react-illustration-series,f9100746fe239825b1691841c43a91c61039523e,react-illustration-series,1.0.0,,1612799565,2,0,0,0,0,0,0,0,0,0,0,0,0,0
7kms/react-illustration-series,2d32a8ded13f2380465ad7e5729546e94065d682,react-illustration-series,1.0.0,,1612972813,2,0,0,0,0,0,0,0,0,0,0,0,0,0
7kms/react-illustration-series,bfe1ab2f2a7bdea541373a0ad90913b837b100cf,react-illustration-series,1.0.0,,1614001745,2,0,0,0,0,0,0,0,0,0,0,0,0,0
7kms/react-illustration-series,aba22127e97c7ed159bfa74b31865148931a9e28,react-illustration-series,1.0.0,,1614002739,2,0,0,0,0,0,0,0,0,0,0,0,0,0
7kms/react-illustration-series,d83d358c7e8b7dc25bdd95563b0f9977c5248244,react-illustration-series,1.0.0,,1614003267,2,0,0,0,0,0,0,0,0,0,0,0,0,0
7kms/react-illustration-series,b175e3d58d4f133bbbd3e37c7cca1b830ab1b9f4,react-illustration-series,1.0.0,,1614011311,2,0,0,0,0,0,0,0,0,0,0,0,0,0
7kms/react-illustration-series,8f7e61101edd888b0028408ecce4717ca76e2798,react-illustration-series,1.0.0,,1614064729,2,0,0,0,0,0,0,0,0,0,0,0,0,0
7kms/react-illustration-series,11e9775db1936abd9e7a53f8f87eb56afb41d5d4,react-illustration-series,1.0.0,,1614064764,2,0,0,0,0,0,0,0,0,0,0,0,0,0
7kms/react-illustration-series,b8538a919921881ca812bd305533fc3f1fe103f4,react-illustration-series,1.0.0,,1618140243,2,0,0,0,0,0,0,0,0,0,0,0,0,0
7kms/react-illustration-series,68a529c3c09e74216c6d7ca16734053d27c76a88,react-illustration-series,1.0.0,,1618140575,2,0,0,0,0,0,0,0,0,0,0,0,0,0
7kms/react-illustration-series,a61c9cabf67b516c19e20a9b26bb85d0397fc9c5,react-illustration-series,1.0.0,,1618140933,2,0,0,0,0,0,0,0,0,0,0,0,0,0
7kms/react-illustration-series,5ef22807adb337b271dce95c0810bb69f39ff028,react-illustration-series,1.0.0,,1626017550,2,0,0,0,0,0,0,0,0,0,0,0,0,0
7kms/react-illustration-series,88c514851fb36a10d569a8e1008cdc105c552da2,react-illustration-series,1.0.0,,1626017617,2,0,0,0,0,0,0,0,0,0,0,0,0,0
7kms/react-illustration-series,37c01f6e847297217a726d982937e1b570805778,react-illustration-series,1.0.0,,1626247802,2,0,0,0,0,0,0,0,0,0,0,0,0,0
7kms/react-illustration-series,93f053959ed2a823409a24d17828b9975780315f,react-illustration-series,1.0.0,,1626885847,2,0,0,0,0,0,0,0,0,0,0,0,0,0
7kms/react-illustration-series,a312af1b21c08b1936ccdc0bdc8d46ac57ecd32d,react-illustration-series,1.0.0,,1627308951,2,0,0,0,0,0,0,0,0,0,0,0,0,0
7kms/react-illustration-series,f8502ff50fc727b14a5070b83ce08eb0f9145b97,react-illustration-series,1.0.0,,1627376540,2,0,0,0,0,0,0,0,0,0,0,0,0,0
7kms/react-illustration-series,a36fd88bc2bf4890ce59ce748be32c89f8663e93,react-illustration-series,1.0.0,,1627536609,2,0,0,0,0,0,0,0,0,0,0,0,0,0
7kms/react-illustration-series,42eb893984a7d3c02c4bebdca48db59606d17ae4,react-illustration-series,1.0.0,,1627537935,2,0,0,0,0,0,0,0,0,0,0,0,0,0
7kms/react-illustration-series,0dc0416a697cc387c8ca234b5b02db9730ba2455,react-illustration-series,1.0.0,,1627538013,2,0,0,0,0,0,0,0,0,0,0,0,0,0
7kms/react-illustration-series,a72b1122674f9e1ebb22bb86c4b4ecccdc6bfe62,react-illustration-series,1.0.0,,1627924637,2,0,0,0,0,0,0,0,0,0,0,0,0,0
7kms/react-illustration-series,5f024d6e1159a25ef6c5fa1a8bb0d0a4700fd3c8,react-illustration-series,1.0.0,,1627924682,2,0,0,0,0,0,0,0,0,0,0,0,0,0
7kms/react-illustration-series,c890fce3e8e2241db233ead372382a1dc49bc028,react-illustration-series,1.0.0,,1627961051,2,0,0,0,0,0,0,0,0,0,0,0,0,0
7kms/react-illustration-series,753d508a3314ba63c2079270cab3bf32d108f947,react-illustration-series,1.0.0,,1627997995,2,0,0,0,0,0,0,0,0,0,0,0,0,0
7kms/react-illustration-series,6eaacc85de7c51f457f5ac7ae02cfdb269b70692,react-illustration-series,1.0.0,,1628042797,2,0,0,0,0,0,0,0,0,0,0,0,0,0
7kms/react-illustration-series,8629ccd2d18231e19787c98cadefac265ad9b727,react-illustration-series,1.0.0,,1628150490,2,0,0,0,0,0,0,0,0,0,0,0,0,0
7kms/react-illustration-series,5304e47917b3c306097482b6172d7112f460dcb0,react-illustration-series,1.0.0,,1628151378,2,0,0,0,0,0,0,0,0,0,0,0,0,0
7kms/react-illustration-series,fa88acab003d1652635ee2831f67fb738b81b2d4,react-illustration-series,1.0.0,,1628489659,2,0,0,0,0,0,0,0,0,0,0,0,0,0
7kms/react-illustration-series,075b44bd0e15376546d58b1c8fa70af6f3ffba37,react-illustration-series,1.0.0,,1628651663,2,0,0,0,0,0,0,0,0,0,0,0,0,0
7kms/react-illustration-series,1d1213a9a291b3bef05cf2b626ad748a27fd01a5,react-illustration-series,1.0.0,,1630302633,2,0,0,0,0,0,0,0,0,0,0,0,0,0
7kms/react-illustration-series,56aaa787899ef5ac6c75c3a37b0f23fc10af9a87,react-illustration-series,1.0.0,,1630310361,2,0,0,0,0,0,0,0,0,0,0,0,0,0
7kms/react-illustration-series,279b9ef3f77cefb4e946bd51d672cd2565d05824,react-illustration-series,1.0.0,,1631291039,2,0,0,0,0,0,0,0,0,0,0,0,0,0
7kms/react-illustration-series,1118a2985b3e8912622e71de7ca9603b65977b78,react-illustration-series,1.0.0,,1631291083,2,0,0,0,0,0,0,0,0,0,0,0,0,0
7kms/react-illustration-series,6a81e7222227cc2a4e8f0808b1e98f72cf3368e3,react-illustration-series,1.0.0,,1631291167,2,0,0,0,0,0,0,0,0,0,0,0,0,0
7kms/react-illustration-series,31884bdcf0d83a0bf39cdea2fbc0b563505d4d93,react-illustration-series,1.0.0,,1631291168,2,0,0,0,0,0,0,0,0,0,0,0,0,0
7kms/react-illustration-series,84cf983081903a163eee3875d3ccfe3b31952878,react-illustration-series,1.0.0,,1631291203,2,0,0,0,0,0,0,0,0,0,0,0,0,0
7kms/react-illustration-series,cf349374612f6b5d4f7926cde84dae5d6a3b8f82,react-illustration-series,1.0.0,,1631388584,2,0,0,0,0,0,0,0,0,0,0,0,0,0
7kms/react-illustration-series,2128b65b5b87e73ef0f07965f8935279048b0c6e,react-illustration-series,1.0.0,,1631398487,2,0,0,0,0,0,0,0,0,0,0,0,0,0
7kms/react-illustration-series,3731712ed033a7ce930178fa621f5c9cc19bd816,react-illustration-series,1.0.0,,1631401302,2,0,0,0,0,0,0,0,0,0,0,0,0,0
7kms/react-illustration-series,16f33563218fe8efa63e42e7cf2586af169a3d34,react-illustration-series,1.0.0,,1631499414,2,0,0,0,0,0,0,0,0,0,0,0,0,0
7kms/react-illustration-series,30f1d3215bd4ed46552138eaabdac4e96d09f11c,react-illustration-series,1.0.0,,1631499436,2,0,0,0,0,0,0,0,0,0,0,0,0,0
7kms/react-illustration-series,62c2578794d80126234e67c3e808fff3b03d9029,react-illustration-series,1.0.0,,1631705139,2,0,0,0,0,0,0,0,0,0,0,0,0,0
7kms/react-illustration-series,1e02da445c46034ef21878dd6cdd6360ee1c68a1,react-illustration-series,1.0.0,,1631760016,2,0,0,0,0,0,0,0,0,0,0,0,0,0
7kms/react-illustration-series,7de81e2439b150f68fb93e61eda67e3bbf45c68f,react-illustration-series,1.0.0,,1631760522,2,0,0,0,0,0,0,0,0,0,0,0,0,0
7kms/react-illustration-series,86643a0d3fb3e05bf9a675083b7528ed21ef2015,react-illustration-series,1.0.0,,1631763617,2,0,0,0,0,0,0,0,0,0,0,0,0,0
7kms/react-illustration-series,e85ef36544c8c9a3dd06ae69046cdb40fa1d6c09,react-illustration-series,1.0.0,,1631766184,2,0,0,0,0,0,0,0,0,0,0,0,0,0
7kms/react-illustration-series,75089c6553cf6b0edcc6e2eed8f651fbe9992fa1,react-illustration-series,1.0.0,,1631766270,2,0,0,0,0,0,0,0,0,0,0,0,0,0
7kms/react-illustration-series,3221255fa0b7c203c96d90af3cf19bbc32a851b2,react-illustration-series,1.0.0,,1631766295,2,0,0,0,0,0,0,0,0,0,0,0,0,0
7kms/react-illustration-series,d4bf756bf2b49a0534b8f888059e4e2b4f418c81,react-illustration-series,1.0.0,,1631768328,2,0,0,0,0,0,0,0,0,0,0,0,0,0
7kms/react-illustration-series,8faf9a93fa8812ba847574fdd910f1c8d700fc74,react-illustration-series,1.0.0,,1631769821,2,0,0,0,0,0,0,0,0,0,0,0,0,0
7kms/react-illustration-series,dcd3d9ac04d5f8aee253842d674a9c557bd39ccf,react-illustration-series,1.0.0,,1631786833,2,0,0,0,0,0,0,0,0,0,0,0,0,0
7kms/react-illustration-series,4cc062aa2fcb9bd376345712d8b55d162d23308d,react-illustration-series,1.0.0,,1631788616,2,0,0,0,0,0,0,0,0,0,0,0,0,0
7kms/react-illustration-series,f061bb0d9b139233c8344551002f5f96f58ea67c,react-illustration-series,1.0.0,,1631788782,2,0,0,0,0,0,0,0,0,0,0,0,0,0
7kms/react-illustration-series,97ed943720252fe7edc45fa77ccbb3e7209e5c34,react-illustration-series,1.0.0,,1631789773,2,0,0,0,0,0,0,0,0,0,0,0,0,0
7kms/react-illustration-series,59ce2cc12e62e7f838fa99d1253d723db2545301,react-illustration-series,1.0.0,,1631790184,2,0,0,0,0,0,0,0,0,0,0,0,0,0
7kms/react-illustration-series,5f6c3d002480a0bafd2a7690ac67b72fae71ab36,react-illustration-series,1.0.0,,1631790552,2,0,0,0,0,0,0,0,0,0,0,0,0,0
7kms/react-illustration-series,9bf247cbb466e3ad9e6151d13a7b3bb581faa6a4,react-illustration-series,1.0.0,,1631790655,2,0,0,0,0,0,0,0,0,0,0,0,0,0
7kms/react-illustration-series,f8366516220fbeba4fc9889aeccd5d64d5a87690,react-illustration-series,1.0.0,,1631797836,2,0,0,0,0,0,0,0,0,0,0,0,0,0
7kms/react-illustration-series,16ee190d194e73c0ca3a790b9a6db78077b91ce8,react-illustration-series,1.0.0,,1631844422,2,0,0,0,0,0,0,0,0,0,0,0,0,0
7kms/react-illustration-series,e396171695aa365707e9129e0106082c7b96f7f3,react-illustration-series,1.0.0,,1631844542,2,0,0,0,0,0,0,0,0,0,0,0,0,0
7kms/react-illustration-series,eedcaea8ad8c7b8697c4098f2777ce80ef4f57c6,react-illustration-series,1.0.0,,1631844716,2,0,0,0,0,0,0,0,0,0,0,0,0,0
7kms/react-illustration-series,90195c43b30930562ff3a09eb9d69e06d8fbfff1,react-illustration-series,1.0.0,,1631849505,2,0,0,0,0,0,0,0,0,0,0,0,0,0
7kms/react-illustration-series,d2eae6b609d9e3d4102c4691e72217fc30adacf5,react-illustration-series,1.0.0,,1631849536,2,0,0,0,0,0,0,0,0,0,0,0,0,0
7kms/react-illustration-series,c4a782f8586e3964e6c3b78470719e1cab1a3779,react-illustration-series,1.0.0,,1631849568,2,0,0,0,0,0,0,0,0,0,0,0,0,0
7kms/react-illustration-series,d30a4532f41c78851d5b2ecb6e079fc44af6fb41,react-illustration-series,1.0.0,,1631864779,2,0,0,0,0,0,0,0,0,0,0,0,0,0
7kms/react-illustration-series,ad1341be7c4ce5f5d693c6a75a0bc666e3c4c179,react-illustration-series,1.0.0,,1631928161,2,0,0,0,0,0,0,0,0,0,0,0,0,0
7kms/react-illustration-series,853d1711bd2f0f131157ef45eb7e827a5f88f44c,react-illustration-series,1.0.0,,1631931382,2,0,0,0,0,0,0,0,0,0,0,0,0,0
7kms/react-illustration-series,746a90d87bbc9755670598efe20c8aa245573cf4,react-illustration-series,1.0.0,,1631984382,2,0,0,0,0,0,0,0,0,0,0,0,0,0
7kms/react-illustration-series,203bf8cecbd29f2a3e536a3e7edbc91a438438e6,react-illustration-series,1.0.0,,1632041857,2,0,0,0,0,0,0,0,0,0,0,0,0,0
7kms/react-illustration-series,7a68673cdf3be99083e30d41b022bf351b55eeed,react-illustration-series,1.0.0,,1632042960,2,0,0,0,0,0,0,0,0,0,0,0,0,0
7kms/react-illustration-series,03b9eed9c6510dd98013868ab3af6e598e14ef44,react-illustration-series,1.0.0,,1632043681,2,0,0,0,0,0,0,0,0,0,0,0,0,0
7kms/react-illustration-series,c85f1931a55b42120a45c7a075a71379a95d8354,react-illustration-series,1.0.0,,1632045292,2,0,0,0,0,0,0,0,0,0,0,0,0,0
7kms/react-illustration-series,7ecd8280a2ea685af283985c91c4a5138e8a8f59,react-illustration-series,1.0.0,,1632045854,2,0,0,0,0,0,0,0,0,0,0,0,0,0
7kms/react-illustration-series,06a313f5215a8c27e279c9f481cabdc40bfe13e3,react-illustration-series,1.0.0,,1632046000,2,0,0,0,0,0,0,0,0,0,0,0,0,0
7kms/react-illustration-series,a5216f41538df4482663918d9dc40446a459e2aa,react-illustration-series,1.0.0,,1632292229,2,0,0,0,0,0,0,0,0,0,0,0,0,0
7kms/react-illustration-series,9937cc14dff95e267a8691a0183703a7a6ac07b9,react-illustration-series,1.0.0,,1632389429,2,0,0,0,0,0,0,0,0,0,0,0,0,0
7kms/react-illustration-series,d0fadd8a73581ee9b4ef59fd55a8baa2daaf3890,react-illustration-series,1.0.0,,1632389760,2,0,0,0,0,0,0,0,0,0,0,0,0,0
7kms/react-illustration-series,296f6f5f8776e29dc020b473749ea1bd7641d48d,react-illustration-series,1.0.0,,1632475439,2,0,0,0,0,0,0,0,0,0,0,0,0,0
7kms/react-illustration-series,21aa399a1c5e7cb7cb45018a66a42b09236f55bd,react-illustration-series,1.0.0,,1632624168,2,0,0,0,0,0,0,0,0,0,0,0,0,0
7kms/react-illustration-series,f4117703c27ee2e4228e6528dcbb561cf131344e,react-illustration-series,1.0.0,,1632729846,2,0,0,0,0,0,0,0,0,0,0,0,0,0
7kms/react-illustration-series,4cf008df5574a732d3d5802d29cfc6aa6f55449a,react-illustration-series,1.0.0,,1633759837,2,0,0,0,0,0,0,0,0,0,0,0,0,0
7kms/react-illustration-series,d6b95ca82bc6a13f1485bd83a3b4ec6558fe0db6,react-illustration-series,1.0.0,,1633759880,2,0,0,0,0,0,0,0,0,0,0,0,0,0
7kms/react-illustration-series,4b6e9f303a8ba28bd81318f684cbd18d7c3550f5,react-illustration-series,1.0.0,,1633760135,2,0,0,0,0,0,0,0,0,0,0,0,0,0
7kms/react-illustration-series,ce55260c2ea18aa2cd4d5031e62462da5427b7d1,react-illustration-series,1.0.0,,1634025721,2,0,0,0,0,0,0,0,0,0,0,0,0,0
7kms/react-illustration-series,a29944933d9eaffff31df97eb6517d6a33fb4cfd,react-illustration-series,1.0.0,,1634302979,2,0,0,0,0,0,0,0,0,0,0,0,0,0
7kms/react-illustration-series,10a33efcedd206f24132f5952ed5f47317f91091,react-illustration-series,1.0.0,,1635129338,2,0,0,0,0,0,0,0,0,0,0,0,0,0
7kms/react-illustration-series,5652cb7b713b4d4228fbc4fd3776e3acfda257ee,react-illustration-series,1.0.0,,1635160019,2,0,0,0,0,0,0,0,0,0,0,0,0,0
7kms/react-illustration-series,7808b5418a601572077ca3176bcd8c831593367a,react-illustration-series,1.0.0,,1635405738,2,0,0,0,0,0,0,0,0,0,0,0,0,0
7kms/react-illustration-series,8cd3bd90c5e34edc7b98ca7749180bbd45242ffd,react-illustration-series,1.0.0,,1635419263,2,0,0,0,0,0,0,0,0,0,0,0,0,0
7kms/react-illustration-series,13c498a1c487bf7950027590e2da11368c65cb02,react-illustration-series,1.0.0,,1635764729,2,0,0,0,0,0,0,0,0,0,0,0,0,0
7kms/react-illustration-series,a3e0f2a7657913d54e6be6d0adfbd1b790eabcf9,react-illustration-series,1.0.0,,1635770350,2,0,0,0,0,0,0,0,0,0,0,0,0,0
7kms/react-illustration-series,e366ccc6b044274a44fa7bee7d7eae0df370bc9c,react-illustration-series,1.0.0,,1635819828,2,0,0,0,0,0,0,0,0,0,0,0,0,0
7kms/react-illustration-series,32b050e204a787ddd176250eb0746d69c25911bc,react-illustration-series,1.0.0,,1635954243,2,0,0,0,0,0,0,0,0,0,0,0,0,0
7kms/react-illustration-series,c4930ab686f1519a868b8fcd4b16897dee2dbcd7,react-illustration-series,1.0.0,,1636080338,2,0,0,0,0,0,0,0,0,0,0,0,0,0
7kms/react-illustration-series,108c9c6c2c43ead46af1088f95e0bfec25e15442,react-illustration-series,1.0.0,,1636093067,2,0,0,0,0,0,0,0,0,0,0,0,0,0
7kms/react-illustration-series,ac6a125e8238e9411819e95c59dbada6c07e805f,react-illustration-series,1.0.0,,1636340018,2,0,0,0,0,0,0,0,0,0,0,0,0,0
7kms/react-illustration-series,32b0ee86b8d4d1bbf1a638f8ab36f0888ae945ec,react-illustration-series,1.0.0,,1636340071,2,0,0,0,0,0,0,0,0,0,0,0,0,0
7kms/react-illustration-series,0c6e8e518dc0e8f3999c2e1f01cf6203c353c11a,react-illustration-series,1.0.0,,1636940565,2,0,0,0,0,0,0,0,0,0,0,0,0,0
7kms/react-illustration-series,0bf066d1776023ab4b43fdc0cd21be80c8b4a419,react-illustration-series,1.0.0,,1636949586,2,0,0,0,0,0,0,0,0,0,0,0,0,0
7kms/react-illustration-series,e2a89ad662b1a75e628469936676b24e46378ae0,react-illustration-series,1.0.0,,1636975910,2,0,0,0,0,0,0,0,0,0,0,0,0,0
7kms/react-illustration-series,4670c1b6066efa2286417dd2a3030a8065a880dc,react-illustration-series,1.0.0,,1636975951,2,0,0,0,0,0,0,0,0,0,0,0,0,0
7kms/react-illustration-series,31836b9ecf52854d4c7e6521a44c55f09cd58247,react-illustration-series,1.0.0,,1637739625,2,0,0,0,0,0,0,0,0,0,0,0,0,0
7kms/react-illustration-series,abfeea760c060be40ef09a913933c2f812324322,react-illustration-series,1.0.0,,1637911295,2,0,0,0,0,0,0,0,0,0,0,0,0,0
7kms/react-illustration-series,65f117e9b7bc72392dd39c880e43784109704465,react-illustration-series,1.0.0,,1638190672,2,0,0,0,0,0,0,0,0,0,0,0,0,0
7kms/react-illustration-series,3c42bd84dcdd262c255aa451dee63993c656fa10,react-illustration-series,1.0.0,,1638878169,2,0,0,0,0,0,0,0,0,0,0,0,0,0
7kms/react-illustration-series,e412dc1f68cc97aad9c5344128d046c68ffb0b29,react-illustration-series,1.0.0,,1639098762,2,0,0,0,0,0,0,0,0,0,0,0,0,0
7kms/react-illustration-series,dbb7763760aa3cecd8b485ad94364a663b5c299d,react-illustration-series,1.0.0,,1639649004,2,0,0,0,0,0,0,0,0,0,0,0,0,0
7kms/react-illustration-series,6b954e36f31c29014057a6558ea70c8a6f54876a,react-illustration-series,1.0.0,,1640836238,2,0,0,0,0,0,0,0,0,0,0,0,0,0
7kms/react-illustration-series,1f76a14cf028c92b3c6fb56999b5d8c298d5fd11,react-illustration-series,1.0.0,,1640848113,2,0,0,0,0,0,0,0,0,0,0,0,0,0
7kms/react-illustration-series,af7108ccf831b05907aa1ab8b48e2b8540189a1f,react-illustration-series,1.0.0,,1641435632,2,0,0,0,0,0,0,0,0,0,0,0,0,0
7kms/react-illustration-series,3c7a095f7963e3fb249e9e341ccf96a65a5f9e23,react-illustration-series,1.0.0,,1641469736,2,0,0,0,0,0,0,0,0,0,0,0,0,0
7kms/react-illustration-series,ac35d68ada0df5d334f893c28422fe80f73fe426,react-illustration-series,1.0.0,,1642065810,2,0,0,0,0,0,0,0,0,0,0,0,0,0
7kms/react-illustration-series,25895e18630f6bdc42ccce46521717479f4e97e7,react-illustration-series,1.0.0,,1642469391,2,0,0,0,0,0,0,0,0,0,0,0,0,0
7kms/react-illustration-series,4566307adfac5afea77f73cf48339afd5762d0bb,react-illustration-series,1.0.0,,1642477545,2,0,0,0,0,0,0,0,0,0,0,0,0,0
7kms/react-illustration-series,ff0f6e0560941e6e863ce8b6ec1225c06bde11d1,react-illustration-series,1.0.0,,1642676155,2,0,0,0,0,0,0,0,0,0,0,0,0,0
7kms/react-illustration-series,c61f4d004fea7af0376dbcb4b3902675de0d9acc,react-illustration-series,1.0.0,,1642733627,2,0,0,0,0,0,0,0,0,0,0,0,0,0
7kms/react-illustration-series,0e9da992d9843f2fd31fb9a1e194f4d522464480,react-illustration-series,1.0.0,,1644478826,2,0,0,0,0,0,0,0,0,0,0,0,0,0
7kms/react-illustration-series,d6460e0af6e44dadf80e50a5e06dbc50ee691cd4,react-illustration-series,1.0.0,,1645190113,2,0,0,0,0,0,0,0,0,0,0,0,0,0
7kms/react-illustration-series,6bf6f34e35705624e23cdff547eab03e08df3051,react-illustration-series,1.0.0,,1645603687,2,0,0,0,0,0,0,0,0,0,0,0,0,0
7kms/react-illustration-series,6cc2a73d738d15ac0a38dcf0d0e8939019b5bf51,react-illustration-series,1.0.0,,1645842741,2,0,0,0,0,0,0,0,0,0,0,0,0,0
7kms/react-illustration-series,cfb8c3e1d1b4b0182bda442d2a879fda283dd2bb,react-illustration-series,1.0.0,,1646622699,2,0,0,0,0,0,0,0,0,0,0,0,0,0
7kms/react-illustration-series,73ebc0f6d31be9a61ad047d757967d52105c662a,react-illustration-series,1.0.0,,1646973352,2,0,0,0,0,0,0,0,0,0,0,0,0,0
7kms/react-illustration-series,9afdec27c3d23e4d261b176f056a682e6910137d,react-illustration-series,1.0.0,,1646973631,2,0,0,0,0,0,0,0,0,0,0,0,0,0
7kms/react-illustration-series,16744f73a0575cddbe52a44c10b82db451da7a15,react-illustration-series,1.0.0,,1647046866,2,0,0,0,0,0,0,0,0,0,0,0,0,0
7kms/react-illustration-series,5ba200b2e164d0807b9e574cfe7a2b9390003f9d,react-illustration-series,1.0.0,,1647052247,2,0,0,0,0,0,0,0,0,0,0,0,0,0
7kms/react-illustration-series,97436ec63a9a6c77e1a4348ff0cb2ddec683694b,react-illustration-series,1.0.0,,1647100365,2,0,0,0,0,0,0,0,0,0,0,0,0,0
7kms/react-illustration-series,ba46516327859d423c64b966ee12c908ecd30f38,react-illustration-series,1.0.0,,1647100917,2,0,0,0,0,0,0,0,0,0,0,0,0,0
7kms/react-illustration-series,9fee94c80a148129ded784d7b0f94ceea0923a4b,react-illustration-series,1.0.0,,1648477895,2,0,0,0,0,0,0,0,0,0,0,0,0,0
7kms/react-illustration-series,6036ca015aa8928c6878db4defbf98f68d0bb7ad,react-illustration-series,1.0.0,,1648485256,2,0,0,0,0,0,0,0,0,0,0,0,0,0
7kms/react-illustration-series,c79f89b9a8b0d84afd0cb8f2c96c61e9d6defba0,react-illustration-series,1.0.0,,1648485847,2,0,0,0,0,0,0,0,0,0,0,0,0,0
7kms/react-illustration-series,b1c285a0beda12ad448fb7461d462397c97afd68,react-illustration-series,1.0.0,,1648487429,2,0,0,0,0,0,0,0,0,0,0,0,0,0
7kms/react-illustration-series,47f0ad0b086e390ffbf390c8389dc7b1d4858546,react-illustration-series,1.0.0,,1653761407,2,0,0,0,0,0,0,0,0,0,0,0,0,0
7kms/react-illustration-series,5d63becdd93b3fcdc7ab84e42cd1a730a3141e11,react-illustration-series,1.0.0,,1653789247,2,0,0,0,0,0,0,0,0,0,0,0,0,0
7kms/react-illustration-series,a1db44289cf1f6b6ba67f018904d18c9e9bb273b,react-illustration-series,1.0.0,,1654064751,2,0,0,0,0,0,0,0,0,0,0,0,0,0
7kms/react-illustration-series,9150979d28810a21289e9bd60098228929aebd80,react-illustration-series,1.0.0,,1654751788,2,0,0,0,0,0,0,0,0,0,0,0,0,0
7kms/react-illustration-series,1ea0047d6269b8edd040c5ad0c5f02e672535f5f,react-illustration-series,1.0.0,,1656489152,2,0,0,0,0,0,0,0,0,0,0,0,0,0
7kms/react-illustration-series,ca676dd06c29130bbf8e213906cda8a7bf876775,react-illustration-series,1.0.0,,1656693953,2,0,0,0,0,0,0,0,0,0,0,0,0,0
7kms/react-illustration-series,e2de55a286369ae77751e9b1ff61d69ed1c58e04,react-illustration-series,1.0.0,,1661321112,2,0,0,0,0,0,0,0,0,0,0,0,0,0
7kms/react-illustration-series,48818bf72b1bb5532d0655d85590eb0ef511afeb,react-illustration-series,1.0.0,,1661528249,2,0,0,0,0,0,0,0,0,0,0,0,0,0
7kms/react-illustration-series,e0f6e7c6fa071ebd1aa6ba557b4f4d77828b7640,react-illustration-series,1.0.0,,1661528418,2,0,0,0,0,0,0,0,0,0,0,0,0,0
7kms/react-illustration-series,f7dee3c0b0357577c5ccc39e02122ee9f58ceacf,react-illustration-series,1.0.0,,1668422174,2,0,0,0,0,0,0,0,0,0,0,0,0,0
7kms/react-illustration-series,89e1d49d73e62a2d9691f843574d291ae9710d07,react-illustration-series,1.0.0,,1670484297,2,0,0,0,0,0,0,0,0,0,0,0,0,0
